shooterPlayerId,name,shots,goals,xg,u,info,goals_per100_vs_base,rank,pctile
8477444.0,Andre Burakovsky,1157,126,79.5839590720324,0.41020854718084343,91.04694655015732,2.963816191633084,1,100.0
8477934.0,Leon Draisaitl,2256,302,215.75109387635635,0.37446973517350474,229.9496594146266,2.663388450677591,2,99.8158379373849
8479339.0,Patrik Laine,2019,193,131.5874998931823,0.37064520572595,151.39800398250006,2.6317545225660584,3,99.6316758747698
8475792.0,Brett Connolly,647,81,50.01446083608074,0.366723515653115,55.07380869967224,2.599419594818633,4,99.4475138121547
8480069.0,Cale Makar,1141,78,49.76101735963607,0.33948042853704985,57.481667137910925,2.377644433328721,5,99.2633517495396
8478420.0,Mikko Rantanen,2136,228,167.75805500143244,0.3236144369473256,176.31765751787898,2.250757868060703,6,99.0791896869245
8477956.0,David Pastrnak,3032,300,224.33483155234148,0.32034380907887045,237.97391384890466,2.2248072823384506,7,98.89502762430939
8470642.0,Shea Weber,1194,60,36.823495903061236,0.3121412824265423,43.58922287346045,2.160032688331158,8,98.71086556169429
8474884.0,Mike Hoffman,1896,166,120.41581920332783,0.30961532480269677,130.3731763775811,2.140173813409578,9,98.52670349907919
8478864.0,Kirill Kaprizov,1083,119,86.29450108628559,0.30120993249458694,89.21117874158492,2.0743897311894535,10,98.34254143646409
8480027.0,Jason Robertson,969,107,77.24267120540186,0.2976380278957256,78.09209156384287,2.0465730519350607,11,98.15837937384899
8480012.0,Elias Pettersson,1251,138,100.78768095137343,0.2968699346063534,105.24499997975978,2.040602188351906,12,97.97421731123389
8478550.0,Artemi Panarin,2081,184,137.37191120194788,0.2876681810016091,147.64107572834277,1.9693666574934945,13,97.79005524861878
8479385.0,Jordan Kyrou,868,91,64.47803705337387,0.2842153763123554,68.07281103660188,1.9427769911009738,14,97.60589318600368
8473419.0,Brad Marchand,2147,229,176.0644564994151,0.2832051159054969,175.7954499976967,1.9350115208412801,15,97.42173112338858
8477955.0,Jared McCann,1358,120,87.76868092617667,0.2826083769144794,91.48123041260034,1.9304276917223764,16,97.23756906077348
8474102.0,David Perron,1674,158,120.06271695382416,0.26726614703691887,124.96465985740848,1.813355980354192,17,97.05340699815838
8474564.0,Steven Stamkos,1962,221,171.71465486119814,0.26700353524326936,176.2996583219721,1.8113650827458916,18,96.86924493554328
8479318.0,Auston Matthews,2936,313,247.67516862226,0.2639237686995349,250.5611799054565,1.7880494788663257,19,96.68508287292818
8476460.0,Mark Scheifele,1668,218,170.22913502523494,0.26375659228258125,168.31636820015208,1.786785572226099,20,96.50092081031308
8471698.0,T.J. Oshie,1445,168,130.23030244422347,0.2594030457657909,127.95308458996162,1.7539334605552486,21,96.31675874769797
8471214.0,Alex Ovechkin,3375,300,237.08772742591697,0.2577198152557037,247.12558401345862,1.741263713927106,22,96.13259668508287
8471215.0,Evgeni Malkin,1773,187,145.47907897781118,0.25355494920881416,145.81503082364205,1.7099911429688723,23,95.94843462246777
8477402.0,Pavel Buchnevich,1273,129,99.17973388849754,0.24556125479950866,98.72892647383381,1.6502737346799967,24,95.76427255985267
8478109.0,Victor Olofsson,811,75,54.617831783284366,0.2455370029901254,56.258895255257826,1.6500931676378185,25,95.58011049723757
8474053.0,Logan Couture,1779,172,135.20841941151002,0.2443446624541757,134.09047043451602,1.6412201105293345,26,95.39594843462247
8476459.0,Mika Zibanejad,2185,212,168.46520148159019,0.24264489963342986,167.94625641680165,1.6285862832990854,27,95.21178637200737
8477940.0,Nikolaj Ehlers,1922,154,119.80303155031636,0.24170981080660373,122.10866583417337,1.6216437210216095,28,95.02762430939227
8478010.0,Brayden Point,1918,247,199.07368281014945,0.23511816846663136,193.06091893363728,1.5728582916234537,29,94.84346224677716
8476453.0,Nikita Kucherov,2481,224,179.8529889763146,0.22941590251987773,183.39608325688025,1.530872455715135,30,94.65930018416206
8475754.0,Brock Nelson,1689,192,154.2795493795391,0.22871351569321996,149.27255449640748,1.525714674577963,31,94.47513812154696
8478466.0,Daniel Sprong,802,66,48.50678207189869,0.2266319968293911,49.157382031142085,1.5104474939473576,32,94.29097605893186
8473512.0,Claude Giroux,1947,163,130.18136400314347,0.22293456840084996,130.68362709565065,1.4833940076517436,33,94.10681399631676
8479337.0,Alex DeBrincat,1737,178,145.05015459849838,0.21513688499706116,140.70600304594677,1.4266148193504273,34,93.92265193370166
8478460.0,Zach Werenski,1604,81,61.520506658887626,0.21237260155346457,65.28986684487882,1.4065759178611872,35,93.73848987108656
8475765.0,Vladimir Tarasenko,2107,181,146.24215685835236,0.2117991509487967,148.49178032941265,1.402424691011951,36,93.55432780847146
8475184.0,Chris Kreider,1917,219,182.01924563365512,0.20366099255628758,167.83753435363025,1.343728191520742,37,93.37016574585635
8478407.0,Vince Dunn,1138,56,41.33269502568003,0.20321449609541997,43.694766167390874,1.3405194818427515,38,93.18600368324125
8474056.0,P.K. Subban,1357,55,39.98906572279512,0.20069701829579525,43.682137377939796,1.3224504553703942,39,93.00184162062615
8477944.0,Jakub Vrana,1133,110,88.40700926529914,0.19777731740532856,85.0126924701928,1.301542557061794,40,92.81767955801105
8477507.0,Nikita Zadorov,989,38,25.928205358320202,0.1968383046313711,28.36928002142414,1.2948292653428741,41,92.63351749539595
8475764.0,Cam Fowler,1163,59,43.82432271004464,0.19467488617831116,46.889810116759044,1.2793825818039144,42,92.44935543278085
8478402.0,Connor McDavid,2568,293,248.10568549105477,0.19368905649646753,232.75239123177198,1.272353178069613,43,92.26519337016575
8475692.0,Mats Zuccarello,1470,122,99.31056778781199,0.19098407855998248,97.1046499145397,1.2530955541078512,44,92.08103130755065
8479420.0,Tage Thompson,1113,100,80.98791675075348,0.18869283856140984,78.88049389456691,1.23681789988688,45,91.89686924493554
8476468.0,J.T. Miller,1661,161,133.14505165900292,0.18814354814381062,129.15146445240302,1.2329202638617058,46,91.71270718232044
8475176.0,Ryan Ellis,969,50,36.62965086771495,0.18812720542211317,38.230711245518336,1.232804327492866,47,91.52854511970534
8478449.0,Roope Hintz,1179,129,107.37918460475383,0.18661071324798922,100.25692034527486,1.2220532054004765,48,91.34438305709024
8476462.0,Dougie Hamilton,2406,109,87.98424265161785,0.18619200405167596,91.53816575438721,1.2190872106041029,49,91.16022099447514
8471675.0,Sidney Crosby,2112,218,184.03758881267404,0.18463317483046116,172.694358798431,1.2080542290466914,50,90.97605893186004
8476979.0,Erik Gustafsson,883,40,28.706548406920625,0.18460884276682424,30.639036633390713,1.2078821285287686,51,90.79189686924494
8474641.0,Adam Henrique,1305,136,112.65800367773888,0.18241764634152993,106.2254706000457,1.1923983424725808,52,90.60773480662984
8477404.0,Jake Guentzel,1877,209,177.85660048854422,0.18235881966952505,166.36777463016122,1.191983047926394,53,90.42357274401473
8474578.0,Erik Karlsson,1816,81,64.0223732735389,0.181696788291812,67.03054165872187,1.1873107780474734,54,90.23941068139963
8475913.0,Mark Stone,1508,169,142.794127743264,0.18002392001977813,130.21030147605208,1.1755162235045358,55,90.05524861878453
8475186.0,John Moore,569,25,15.695475132615817,0.17803249773678914,16.812310680836454,1.1614974876567512,56,89.87108655616943
8475167.0,Victor Hedman,2246,104,84.39034430183537,0.1767785066451441,87.5690964011901,1.1526820778169757,57,89.68692449355433
8474162.0,Jake Muzzin,1119,41,29.61863853295867,0.1766841602945568,31.85601173276341,1.1520192131044757,58,89.50276243093923
8474141.0,Patrick Kane,2522,191,160.95852160632188,0.1764424081966857,158.3657865035109,1.1503209375361854,59,89.31860036832413
8478498.0,Jake DeBrusk,1403,136,114.41896560637193,0.17438914848993084,106.37552134695137,1.135911095438792,60,89.13443830570903
8470598.0,Thomas Vanek,555,57,44.19981986692399,0.1729691229218495,41.198764195344836,1.1259599806729026,61,88.95027624309392
8476875.0,Mike Matheson,1320,57,44.34396352377052,0.17033271702171643,45.39951579524327,1.1075166007565016,62,88.76611418047882
8476467.0,Jamie Oleksiak,789,38,27.803458005985032,0.1691368955589599,27.85762799443754,1.0991646443742717,63,88.58195211786372
8477493.0,Aleksander Barkov,1944,193,164.9938364987021,0.1689001192871094,154.42093157932803,1.0975119370853048,64,88.39779005524862
8478440.0,Dylan Strome,850,90,74.61518822623813,0.16887789838263442,69.50650056465341,1.097356851387836,65,88.21362799263352
8470966.0,Mark Giordano,1784,65,51.40485935399488,0.16872294123936848,53.430939075687576,1.0962754449477072,66,88.02946593001842
8476288.0,Ryan Dzingel,816,86,70.29866674761894,0.16804044144437183,65.11414987267558,1.0915141456998012,67,87.84530386740332
8473507.0,Jeff Petry,1599,68,53.857312608052126,0.16725219138317793,55.84998162372424,1.0860185373024565,68,87.66114180478822
8477409.0,Carter Verhaeghe,929,100,83.79198028367635,0.16661145218541118,77.03104352778259,1.0815540711340763,69,87.47697974217311
8473563.0,Nicklas Backstrom,1301,116,97.31258797682395,0.16622840295513966,92.02064465893518,1.0788862665258359,70,87.29281767955801
8473986.0,Alex Killorn,1627,156,132.6166448485562,0.16418450689183078,125.16616967228605,1.064665905820883,71,87.10865561694291
8478398.0,Kyle Connor,2004,202,174.06279553253725,0.1638260368306087,163.20137397663785,1.0621744026895334,72,86.92449355432781
8471276.0,David Krejci,1143,107,89.37735832546547,0.16232196041553645,84.71889249844371,1.0517287690978843,73,86.74033149171271
8478038.0,Devon Toews,1003,48,37.35811925155067,0.16117043605955478,36.86256372543783,1.0437405881511292,74,86.55616942909761
8474716.0,Jared Spurgeon,1299,71,57.583461993573145,0.16102000001186828,56.638332940739296,1.04269758326839,75,86.3720073664825
8478458.0,Jack Roslovic,797,71,57.91072570861884,0.15971393963698813,54.22312911495491,1.0336479950744257,76,86.1878453038674
8476887.0,Filip Forsberg,2237,191,164.51056216338606,0.15631053241947362,155.37157626370032,1.0101132250041376,77,86.0036832412523
8478403.0,Jack Eichel,1966,147,125.5363292286208,0.15616975865769545,120.67249072463595,1.0091412323795332,78,85.8195211786372
8477950.0,Tony DeAngelo,970,45,34.71082801913078,0.15601788699286465,35.22484479721603,1.0080927432251627,79,85.6353591160221
8477960.0,Adrian Kempe,1493,129,110.56966983606584,0.1551367162782465,103.67567451000039,1.0020120038173583,80,85.451197053407
8476826.0,Yanni Gourde,1274,126,107.1822979110811,0.1550322126118718,98.34096076373085,1.001291152439597,81,85.2670349907919
8474565.0,Alex Pietrangelo,2126,90,74.70208562256352,0.15359455618787965,76.47204118542368,0.9913809081025002,82,85.0828729281768
8481533.0,Trevor Zegras,583,49,38.98947411067534,0.15222440219920236,37.78519658050487,0.9819472596971468,83,84.8987108655617
8473412.0,Bryan Little,547,55,43.665755205619234,0.15210811430009172,40.57097304280027,0.9811471122261883,84,84.71454880294658
8474038.0,Paul Byron,587,72,59.407659146434014,0.15116948486157333,53.550509409328136,0.9746915411498608,85,84.5303867403315
8478055.0,Gustav Forsling,921,38,29.11945202920194,0.14772598522887279,29.623036092760472,0.9510524737074783,86,84.34622467771639
8476779.0,Brad Hunt,556,25,17.447833849798435,0.1469060494398621,17.951846795274346,0.9454339608131399,87,84.16206261510129
8480009.0,Eeli Tolvanen,544,45,35.53394875655201,0.14685096802655667,34.534927148365,0.945056662629512,88,83.97790055248619
8474009.0,Nick Bonino,1073,101,86.27345212578295,0.14494568379343245,78.6682474325501,0.9320166890592687,89,83.79373848987109
8476437.0,Victor Rask,702,54,43.6582246748566,0.14444212520391583,40.8842510994406,0.9285738152380028,90,83.60957642725599
8476905.0,Chandler Stephenson,760,84,71.46352455548177,0.14405984230320448,64.46333696661698,0.9259611004367216,91,83.42541436464089
8470595.0,Eric Staal,1354,123,106.11736671330081,0.1437369802980574,96.39604442799622,0.923755161199391,92,83.24125230202579
8478444.0,Brock Boeser,1533,138,119.34481381492675,0.14364567296615716,112.21256439690106,0.9231314183372946,93,83.05709023941068
8475171.0,Oliver Ekman-Larsson,1464,56,45.117662745280164,0.14104628159486357,46.56165497602001,0.9053946892341541,94,82.87292817679558
8471685.0,Anze Kopitar,1632,147,128.22448836005822,0.14061860607889276,118.18018148151432,0.9024802458248188,95,82.68876611418048
8466138.0,Joe Thornton,565,51,41.41867962876504,0.13963607376081438,38.11015992885336,0.8957886931088593,96,82.50460405156538
8475158.0,Ryan O'Reilly,1693,159,139.52912587635745,0.13936665472305293,127.3863150584363,0.893954789821913,97,82.32044198895028
8474157.0,Max Pacioretty,2053,161,140.6210266246609,0.1378794780182375,131.33449945539047,0.883839337016265,98,82.13627992633518
8477492.0,Nathan MacKinnon,3151,250,221.27302470419176,0.1377198909862734,209.9750975970532,0.8827546230874006,99,81.95211786372008
8470613.0,Brent Burns,2827,114,98.18906941577764,0.13722099507426438,98.18941887591511,0.8793645773902834,100,81.76795580110497
8481540.0,Cole Caufield,603,57,47.58826374205175,0.13710769449255952,44.08907339208581,0.8785948901257945,101,81.58379373848987
8475168.0,Matt Duchene,1612,158,138.44780188929514,0.13673571090625197,126.5621923116122,0.876068409282492,102,81.39963167587477
8474207.0,Nick Holden,879,35,26.78408226603681,0.1358137616486704,27.34755898986207,0.8698100648920584,103,81.21546961325967
8477951.0,Nick Schmaltz,946,94,80.70705691810521,0.13492094880895927,73.38678796292085,0.8637541955012706,104,81.03130755064457
8477952.0,Robby Fabbri,640,61,50.85532621877911,0.13433120406645174,47.236813551542866,0.8597565404436847,105,80.84714548802947
8475200.0,Dmitry Orlov,1242,52,42.99617665189787,0.1292752903627225,43.09549164263767,0.8255669177556213,106,80.66298342541437
8465009.0,Zdeno Chara,950,30,22.64994206055133,0.12901721250066409,23.53364313983841,0.8238256748894529,107,80.47882136279927
8479410.0,Mikhail Sergachev,1376,53,43.81843629397453,0.1273076508183261,44.38604687523278,0.8123010104899784,108,80.29465930018415
8477496.0,Elias Lindholm,1717,168,149.78292147051465,0.1271732251387921,135.20601160363182,0.8113955208224597,109,80.11049723756905
8474628.0,Michael Stone,655,21,14.664476862722982,0.12671087401557393,15.467882662155757,0.8082819237371003,110,79.92633517495395
8479345.0,Jakob Chychrun,1409,62,51.85017205026571,0.12659426871795346,51.224674753561146,0.8074968665177262,111,79.74217311233886
8480803.0,Evan Bouchard,655,30,23.15051654002189,0.12619350312965003,22.883308483030945,0.8047992673467841,112,79.55801104972376
8480018.0,Nick Suzuki,887,82,71.94935313633826,0.1253319614966883,64.16677054914815,0.799003259810642,113,79.37384898710866
8477500.0,Bo Horvat,1747,176,156.91652576976713,0.12382171412424274,140.92712158025248,0.7888533910735823,114,79.18968692449356
8471724.0,Kris Letang,1755,74,63.2664839813834,0.12325265411195506,62.656573636866355,0.7850323274596643,115,79.00552486187846
8477504.0,Josh Morrissey,1329,58,48.88610451246712,0.12249336814984274,47.92469699586108,0.779936850146204,116,78.82136279926335
8476869.0,Brady Skjei,1547,59,49.92716212586043,0.12152990747558565,49.49353357843111,0.7734759428171325,117,78.63720073664825
8479343.0,Clayton Keller,1531,129,114.28062367723335,0.12088920691051154,104.71625049462268,0.7691823918593105,118,78.45303867403315
8478500.0,Ivan Provorov,1475,62,52.52110918760009,0.1207991115862072,51.10783188195008,0.7685788213753347,119,78.26887661141805
8475714.0,Calle Jarnkrok,1176,101,88.94860470827822,0.11948220057766668,80.79923358715543,0.7597618228632586,120,78.08471454880295
8473546.0,Michael Grabner,636,67,57.474651790826755,0.11879641347455885,49.55006146750886,0.7551742656787985,121,77.90055248618785
8476880.0,Tom Wilson,1236,116,103.22370545325835,0.11857085463141621,92.90648170067463,0.7536659832818926,122,77.71639042357275
8478366.0,Frank Vatrano,1489,110,96.84599148466438,0.11694048513905066,89.79911668362766,0.7427725715003788,123,77.53222836095765
8478856.0,Conor Garland,1071,81,70.65905918949579,0.11671040642301289,65.73050306834271,0.7412365105261374,124,77.34806629834254
8475744.0,Evgeny Kuznetsov,1798,150,134.65059979657022,0.11651077048688141,123.64182039003714,0.7399039380363404,125,77.16390423572744
8477416.0,Oliver Bjorkstrand,1682,134,120.22081987434666,0.1163112803664645,110.28371806557807,0.7385725663650422,126,76.97974217311234
8479407.0,Jesper Bratt,1143,99,88.01533629162543,0.11612015492961694,78.58262526317762,0.7372972328080041,127,76.79558011049724
8477964.0,Ivan Barbashev,790,83,73.06477070857262,0.11532232221847337,65.07466211466003,0.7319757426415594,128,76.61141804788214
8477953.0,Kasperi Kapanen,1003,81,71.23495629121331,0.11515123751408883,64.50341628980283,0.7308350925542564,129,76.42725598526704
8473548.0,Phil Kessel,1868,148,132.0193486284665,0.11475202693862505,123.46658295323392,0.7281741393081492,130,76.24309392265194
8477330.0,Dominik Kubalik,895,82,72.65606248503589,0.11345911813738446,65.34812168300314,0.7195624485099263,131,76.05893186003682
8474166.0,Alec Martinez,1055,48,40.16675879118539,0.11265701772586759,39.01994604122324,0.7142246817313735,132,75.87476979742172
8476906.0,Shayne Gostisbehere,1609,70,60.44903847551304,0.11180997084693751,60.19198867191312,0.7085917885192374,133,75.69060773480662
8477943.0,Brendan Perlini,599,49,40.82962035954635,0.11168650094032687,38.261223279669295,0.7077710503644447,134,75.50644567219152
8478483.0,Mitchell Marner,2003,164,148.24545156736846,0.11054670448476214,135.04609731392304,0.700198611512233,135,75.32228360957643
8480797.0,Joel Farabee,645,62,54.349173128711605,0.10894925007040135,47.653324880884355,0.6895980813725624,136,75.13812154696133
8475722.0,Jason Zucker,1574,138,124.8421686585634,0.10835166470191847,111.1389226815881,0.6856363001448276,137,74.95395948434623
8471242.0,Mike Green,612,30,23.738385607650372,0.10779770731103998,23.4713287224254,0.681965569347806,138,74.76979742173113
8475149.0,Marcus Johansson,990,90,80.51456717165328,0.10600171942515019,72.01973286975019,0.6700766574590455,139,74.58563535911603
8475343.0,Nic Dowd,655,58,50.545426284941634,0.10430329618056174,45.93714411564921,0.6588504281673346,140,74.40147329650092
8475220.0,Marcus Foligno,825,76,67.71427264191742,0.10382548552683848,58.55880714629752,0.6556951442546157,141,74.21731123388582
8476856.0,Matt Dumba,1338,61,53.25316301179608,0.10344140146256164,51.24326647615029,0.6531597333801666,142,74.03314917127072
8474573.0,Josh Bailey,1124,98,87.47984734410538,0.10275487264976596,79.44157828900777,0.6486299087954034,143,73.84898710865562
8471274.0,Alex Goligoski,898,33,26.810855034426776,0.10251985772771918,26.618358824341655,0.6470798564702382,144,73.66482504604052
8477435.0,Ryan Graves,781,29,23.581720238470613,0.10175078079682949,23.05269628645732,0.6420095568103592,145,73.48066298342542
8475151.0,Kyle Palmieri,1741,151,138.0492280132745,0.1011838464609313,123.92876299022508,0.6382740661870667,146,73.29650092081032
8476457.0,Adam Larsson,1062,35,29.219201858343588,0.10111574764765005,28.012975505922974,0.6378254901285213,147,73.11233885819522
8475762.0,Derek Forbort,714,19,14.184538658477441,0.1007978214498225,14.166460546412868,0.6357316142939453,148,72.92817679558011
8475766.0,Austin Watson,790,56,48.479346956965685,0.09983941230780326,43.948493928014905,0.6294229460034009,149,72.74401473296501
8476456.0,Jonathan Huberdeau,1567,151,138.48939060510565,0.09723325820728021,120.65833149979483,0.6122943232057323,150,72.55985267034991
8477495.0,Seth Jones,1726,69,60.845309749475156,0.09546957928660119,59.08455487023781,0.6007244918765933,151,72.37569060773481
8475197.0,Tyson Barrie,1794,71,62.618287234703836,0.09538965016042096,61.64152048965952,0.6002005673991271,152,72.19152854511971
8478439.0,Travis Konecny,1626,136,124.35589332890154,0.09531013713405528,110.75847682029685,0.5996794060879218,153,72.00736648250461
8476455.0,Gabriel Landeskog,1620,151,138.16827162479288,0.09505546188324268,122.0341587860913,0.5980103985683813,154,71.8232044198895
8478469.0,Thomas Chabot,1240,53,46.39201085765608,0.09492629871150317,44.40296997604704,0.5971640706761303,155,71.63904235727439
8473573.0,Artem Anisimov,697,72,63.837235957293615,0.09458071138175007,54.916294885670354,0.5949001082866445,156,71.45488029465929
8475763.0,Kevin Hayes,1569,122,111.62977424557428,0.09421580489535615,99.6209101893314,0.5925103144262506,157,71.27071823204419
8475314.0,Anders Lee,1820,190,175.14180098453616,0.09415698668392286,153.37073585227418,0.5921251806359717,158,71.08655616942909
8471217.0,Andrew Ladd,501,45,38.575199087079106,0.09402563833566059,34.52077258033427,0.591265199452945,159,70.90239410681399
8480839.0,Rasmus Dahlin,988,46,40.1765072458889,0.09216231561088312,38.43901652653503,0.5790758563593499,160,70.71823204419888
8471303.0,Alexander Edler,1130,32,26.583506644031598,0.09206361075109995,26.277864216387684,0.5784307005627807,161,70.5340699815838
8474600.0,Roman Josi,2535,111,100.46502734713258,0.09178583281725283,96.96177035164207,0.5766153790528152,162,70.3499079189687
8474590.0,John Carlson,2028,90,81.59328887230356,0.09104390207429765,77.90481477131017,0.5717688716798854,163,70.1657458563536
8478427.0,Sebastian Aho,2261,211,196.78074163569917,0.09069752062496017,173.6718952457034,0.569507265373223,164,69.9815837937385
8475906.0,John Klingberg,1540,65,57.7872844861113,0.08893388737381959,55.333986244187194,0.5580025248501846,165,69.79742173112339
8476438.0,Brandon Saad,1586,145,133.65986435652127,0.08865130060298874,117.28138631018497,0.5561607424170125,166,69.61325966850829
8477511.0,Anthony Mantha,1367,113,103.67590320552634,0.08760296316351755,91.59414435955163,0.5493320256517817,167,69.42909760589319
8479482.0,Michal Kempny,558,17,12.919499825829773,0.08747019109809687,12.751052349142258,0.548467606962616,168,69.24493554327809
8475169.0,Evander Kane,2262,182,169.08694941721183,0.08707441495814403,149.68434193172084,0.5458914736025957,169,69.06077348066299
8480865.0,Noah Dobson,767,29,24.400585430801566,0.08683767554490167,23.616108104251023,0.5443509400097801,170,68.87661141804789
8478233.0,Andrew Mangiapane,933,97,89.64628308598782,0.08672976097167995,77.98491972664853,0.5436488119417091,171,68.69244935543279
8471676.0,Bobby Ryan,762,54,47.7344319701024,0.08591148154308209,43.499917492761156,0.538326934232275,172,68.50828729281768
8474618.0,Marco Scandella,758,26,21.214238765079983,0.08560467751559425,21.118087181788706,0.5363325255434814,173,68.32412523020258
8480039.0,Martin Necas,1004,78,71.74543969673495,0.08522905534924513,64.06778574807929,0.5338914746267104,174,68.13996316758748
8477919.0,Frederick Gaudreau,526,41,36.19038820454841,0.0845717359805052,32.593532959236214,0.529621659288225,175,67.95580110497238
8470619.0,Brian Boyle,733,60,53.719627080674535,0.08216900658610676,47.45144037325173,0.5140345405114877,176,67.77163904235728
8478843.0,Denis Malgin,509,41,35.745790720436176,0.08177329438077031,32.895964626557266,0.5114705442293297,177,67.58747697974218
8471707.0,James Neal,1180,93,85.00316242343972,0.08023345247157716,76.59192093712147,0.5015015275604578,178,67.40331491712708
8481068.0,Egor Sharangovich,586,50,45.56685550044041,0.079312158124346,39.91237558652775,0.49554333577610243,179,67.21915285451196
8476473.0,Connor Murphy,844,24,20.046799709424945,0.07791003476762647,19.565369303701168,0.48648459404526806,180,67.03499079189686
8477932.0,Aaron Ekblad,1745,87,79.65192687177456,0.07739707696459024,74.7072089834654,0.4831732436481648,181,66.85082872928176
8475164.0,Jakob Silfverberg,1575,113,104.21498490632888,0.07714524898787166,92.74645028488999,0.48154812738559066,182,66.66666666666666
8475752.0,Tyler Pitlick,705,53,47.387247175808824,0.07673238150163675,43.15152981573707,0.4788845407855333,183,66.48250460405156
8475799.0,Nino Niederreiter,1603,147,137.67645543518623,0.07632733834164598,120.37260327426276,0.4762723526511123,184,66.29834254143645
8478873.0,Troy Terry,787,72,66.53570306229638,0.07582973350639637,59.26903151500471,0.47306446689460435,185,66.11418047882137
8479999.0,Casey Mittelstadt,569,47,42.335386157582285,0.07582503892630653,37.597256586399155,0.4730342091128395,186,65.93001841620627
8476441.0,Joel Edmundson,917,30,25.9500594191603,0.0742506726973884,24.836028232491987,0.4628939113259928,187,65.74585635359117
8476874.0,Olli Maatta,853,24,20.176929895204154,0.07387291902954134,19.918988119016912,0.4604628923529003,188,65.56169429097606
8471702.0,Matt Niskanen,851,30,25.899385970240072,0.07326398448093514,24.612796624619804,0.45654578352644776,189,65.37753222836096
8477456.0,J.T. Compher,1071,100,93.55981119146763,0.07268653114812569,80.68097662558645,0.4528330832696728,190,65.19337016574586
8470794.0,Joe Pavelski,2110,207,195.9324713339997,0.07238763501569358,168.4002832476541,0.450912074834689,191,65.00920810313076
8475793.0,Ryan Johansen,1161,112,104.52574533927454,0.07156025561960434,89.6560976728677,0.44559707964200307,192,64.82504604051566
8476346.0,Johnny Gaudreau,2092,167,158.2086123061946,0.07154748995531719,138.58721947139324,0.4455151040952718,193,64.64088397790056
8480829.0,Jesperi Kotkaniemi,756,62,57.760009019902974,0.07101289650811236,50.37527117074338,0.4420829871833912,194,64.45672191528546
8475193.0,Tomas Tatar,1528,132,124.3901636079193,0.07050279387913158,107.76393834577065,0.4388095770034975,195,64.27255985267035
8476539.0,Jonathan Marchessault,2528,193,183.3448041494601,0.06989037117710228,161.60834680633133,0.4348814638717474,196,64.08839779005525
8476483.0,Rickard Rakell,1995,163,153.2769676352078,0.06982915702069192,136.31734955500443,0.4344889468977292,197,63.90423572744015
8471233.0,Travis Zajac,645,62,57.04361663107727,0.06829133351808565,48.59519240174761,0.42463492161840116,198,63.72007366482505
8480172.0,Jan Rutta,565,18,14.807585471699092,0.06780384916043969,14.38808593557816,0.4215139591427011,199,63.53591160220995
8474068.0,Kyle Turris,874,65,59.673466909408205,0.06745401411613468,53.20779114955044,0.4192750609454107,200,63.35174953959485
8477946.0,Dylan Larkin,2036,149,140.85424336712074,0.06699392415711031,124.00366888973895,0.4163315741922635,201,63.16758747697975
8476960.0,Andreas Athanasiou,1393,109,101.82935465964619,0.06674250248963366,88.56440796999576,0.41472356416726447,202,62.98342541436463
8479525.0,Ross Colton,597,55,51.18824616841826,0.06636461571871625,43.753441721860064,0.4123073810128247,203,62.79926335174954
8479542.0,Brandon Hagel,584,57,53.56569382541943,0.06496070844486668,45.41041453802844,0.4033377867242588,204,62.61510128913444
8480023.0,Robert Thomas,631,61,56.91452213664613,0.06490735305573232,49.863991822098995,0.40299711224353885,205,62.430939226519335
8476891.0,Matt Grzelcyk,931,28,24.76016812754075,0.062106467770512354,24.134929307396938,0.3851354511164695,206,62.246777163904234
8475753.0,Justin Faulk,1849,76,70.5199062663132,0.061860963002254445,66.74229684673566,0.3835718882028813,207,62.06261510128913
8475690.0,Christopher Tanev,594,17,14.177953806998048,0.06111732133398025,13.670629078311231,0.3788378286097349,208,61.87845303867403
8476923.0,Damon Severson,1213,51,47.09218749207754,0.06107141519675092,43.9196004997352,0.3785456874654494,209,61.69429097605893
8475784.0,Jeff Skinner,2147,184,175.606037856409,0.06089868671233171,153.42425562430557,0.37744656787807307,210,61.51012891344383
8469506.0,Jason Pominville,638,44,39.84084605950694,0.05948435236850824,35.033024987111176,0.3684529273528095,211,61.32596685082873
8479293.0,Brandon Tanev,838,62,58.044812476311506,0.05877262334816407,49.90411185575422,0.36393125166319235,212,61.141804788213626
8479398.0,Samuel Girard,897,29,26.07130621368456,0.058172068497679676,24.834702671525267,0.3601180366088211,213,60.957642725598525
8474584.0,Michael Del Zotto,609,22,19.070695675771166,0.0565520198739575,17.924870447109985,0.34984141952579956,214,60.773480662983424
8476882.0,Teuvo Teravainen,1679,122,116.38089380984935,0.05652107051299569,102.01917467585297,0.3496452353118004,215,60.58931860036832
8475170.0,Brayden Schenn,1590,156,148.79508930123592,0.05629097323082012,127.3754318570975,0.3481868412507222,216,60.40515653775322
8479323.0,Adam Fox,796,38,34.97329529653457,0.056182290774646246,31.828129649696873,0.34749809494514644,217,60.22099447513812
8477447.0,Shea Theodore,1882,78,73.90944939751165,0.05538858180776788,68.84349894393716,0.3424701348562792,218,60.036832412523026
8474870.0,Tyler Johnson,1319,111,104.85742254865714,0.05516167466877312,93.07005834786376,0.34103336508027604,219,59.852670349907925
8476461.0,Sean Couturier,1350,122,115.98702766054802,0.05508499875188182,99.0186409792316,0.34054791895939407,220,59.66850828729282
8477839.0,Conor Sheary,1349,111,105.65217110020005,0.05507071908402597,91.80366982554949,0.34045751590681267,221,59.48434622467772
8474602.0,Justin Schultz,1078,45,41.39748326174135,0.05504287654856714,38.97727128089429,0.3402812509955888,222,59.30018416206262
8474673.0,TJ Brodie,852,32,29.089769560965042,0.054328343034593204,27.392002129243938,0.33575914868288065,223,59.11602209944752
8475279.0,Ben Chiarot,1056,33,30.08449658050013,0.05398822890706728,28.148519592581692,0.3336076329533408,224,58.93186003683242
8475163.0,Alex Chiasson,783,84,79.75183980979565,0.05391196675791337,66.20351335490936,0.3331252957641931,225,58.74769797421732
8473994.0,Jamie Benn,1919,177,170.69687773981306,0.051838816845273125,143.02451476600442,0.32002536407759463,226,58.5635359116022
8478463.0,Anthony Beauvillier,1460,124,118.98047390079951,0.05085696916382579,102.65663951800886,0.3138294000339492,227,58.3793738489871
8476454.0,Ryan Nugent-Hopkins,1744,157,151.48949990252757,0.050703657007683686,129.5272807036256,0.31286239615933853,228,58.195211786372006
8474715.0,Cam Atkinson,1782,148,142.33663745054554,0.04914142987425906,120.7899557014608,0.303016082079037,229,58.011049723756905
8478906.0,Markus Nutivaara,500,18,15.680750340026822,0.048694880361726846,14.823035215398008,0.30020403979836713,230,57.826887661141804
8476853.0,Morgan Rielly,1780,63,59.8856646748685,0.04644464475381173,55.849207178445155,0.28605021810618747,231,57.6427255985267
8478474.0,Lawson Crouse,976,73,69.88547716578633,0.046255312041834605,60.89818300266927,0.2848605851099001,232,57.4585635359116
8476902.0,Esa Lindell,1203,40,37.52289769792613,0.04595694663596409,35.14036803662398,0.2829862632109492,233,57.2744014732965
8477939.0,William Nylander,2136,181,175.81152830672127,0.04582161972817697,150.70244365907928,0.28213630342216744,234,57.0902394106814
8476872.0,Scott Laughton,909,73,70.05668766984088,0.04562584132301988,59.4372462057477,0.2809068366594669,235,56.9060773480663
8477942.0,Kevin Fiala,1863,148,143.71783507438195,0.04495226611823097,124.8900120720465,0.2766784495361885,236,56.721915285451196
8476873.0,Mark Jankowski,548,47,44.60921484709507,0.04474516819389627,37.263626353779706,0.27537888188424453,237,56.537753222836095
8474037.0,James van Riemsdyk,1731,169,163.48165168020424,0.044441880673624305,135.67900896677267,0.273476131714713,238,56.353591160220994
8473544.0,Derick Brassard,1229,91,87.25871934845098,0.04201573225906043,76.2284448323856,0.2582730493205662,239,56.16942909760589
8476525.0,Colin Miller,1141,36,33.741125035585284,0.041937590468963844,31.980536641724363,0.2577839165136264,240,55.98526703499079
8473449.0,Kyle Okposo,1202,87,83.8208305058001,0.04118484441104709,72.6437627772443,0.25307375591340775,241,55.80110497237569
8476292.0,Ondrej Palat,1399,123,120.07935483359168,0.03973466356224615,102.26101079942546,0.24400818447360695,242,55.61694290976059
8473604.0,Jonathan Toews,1328,118,114.34054362409661,0.03947117503417821,95.95131934579389,0.24236225040383252,243,55.432780847145494
8477851.0,Jordan Oesterle,602,19,17.177752961694612,0.0392055138103881,16.414672141761418,0.2407031243907412,244,55.24861878453039
8481557.0,Matt Boldy,574,45,43.42170682947206,0.03809320727927228,37.29295614858663,0.2337606142175097,245,55.06445672191529
8482116.0,Tim Stutzle,665,61,59.40176173880164,0.035629165785506775,50.79929939884897,0.21840499547148146,246,54.88029465930019
8474612.0,Travis Hamonic,994,27,25.232400601370372,0.03480357744398212,23.703148989125925,0.21326735403641578,247,54.69613259668509
8470602.0,Dion Phaneuf,570,17,15.41802625068125,0.03329185268525119,14.312944411365196,0.20386940497349876,248,54.51197053406999
8474149.0,Evgenii Dadonov,1335,119,116.83223878591097,0.032629851512190194,98.58221082940479,0.19975781380829616,249,54.32780847145487
8476312.0,Josh Manson,810,28,26.434154795255605,0.03115884450029731,24.080481238870373,0.19063005080076773,250,54.14364640883977
8477498.0,Darnell Nurse,1771,61,59.735320442445534,0.02916725251684121,54.14882665474368,0.17829053882521678,251,53.95948434622467
8479465.0,Drake Caggiula,600,49,47.25929505943222,0.029078693046526764,40.82331585765666,0.17774233658918032,252,53.77532228360957
8476326.0,Josh Archibald,510,38,36.67569557155767,0.028980440279404506,31.00862394025734,0.17713418002940212,253,53.591160220994475
8477407.0,Anthony Duclair,1108,95,93.9624210741153,0.025442785321494205,79.31135152391639,0.15527160656684386,254,53.40699815837937
8471709.0,Marc-Edouard Vlasic,1065,33,31.81605842260741,0.024327235052796124,28.790036132238214,0.14839145525024633,255,53.22283609576427
8477937.0,Jake Virtanen,735,48,46.69740685346327,0.02369385744342583,41.04910958466919,0.14448806562366023,256,53.03867403314917
8476854.0,Hampus Lindholm,1150,37,35.97890413718889,0.02349638686336435,33.03955032263981,0.14327152957583217,257,52.85451197053407
8477505.0,Alexander Wennberg,840,71,70.07136372864396,0.023031279134685466,58.31915143403262,0.14040701367206282,258,52.67034990791897
8480800.0,Quintin Hughes,800,28,27.174555341058383,0.0220164499949592,25.29314326846745,0.1341608750298387,259,52.48618784530387
8477986.0,Brandon Montour,1603,65,64.54831645504223,0.021686576218356172,56.94355555604795,0.13213173068556544,260,52.302025782688766
8470600.0,Ryan Suter,1344,43,42.36828494334404,0.020397648190414456,37.53094748255198,0.12420875007781856,261,52.117863720073665
8470638.0,Patrice Bergeron,2592,196,196.08715075770849,0.019743727546008633,167.5289471216271,0.12019252013802106,262,51.93370165745856
8478042.0,Viktor Arvidsson,2204,159,158.40913692363318,0.018895486107664682,134.8585775140124,0.11498621412913135,263,51.74953959484346
8479325.0,Charlie McAvoy,1079,45,44.58168072902321,0.018871235229497234,39.75756157023612,0.11483742435117739,264,51.56537753222836
8475218.0,Mattias Ekholm,1543,51,50.33944008840767,0.017326781107712512,45.81571453934007,0.10536797455123342,265,51.38121546961326
8476958.0,Jaccob Slavin,1517,45,44.75208026066988,0.016009636894731557,40.80908460271231,0.09730225418917576,266,51.19705340699816
8474818.0,Jordie Benn,619,14,13.425491172283175,0.015517150145477002,12.681181079888717,0.09428881182803467,267,51.01289134438306
8477948.0,Travis Sanheim,899,37,36.93152109890435,0.015051492367398308,32.34775137808401,0.09144071741954002,268,50.82872928176796
8476463.0,Jonas Brodin,953,26,25.646423206165796,0.014955518226697622,23.609159046549674,0.09085385573774085,269,50.64456721915286
8477506.0,Ryan Pulock,1338,45,44.962256092702226,0.013421039445165917,40.894840821278464,0.0814774865338333,270,50.46040515653776
8474027.0,Justin Braun,917,20,19.537899138734137,0.013366921647967624,18.42172437821816,0.08114703024115488,271,50.27624309392266
8474091.0,Brandon Sutter,622,43,42.03051795749994,0.013256802753489939,35.781017460725145,0.08047466577334322,272,50.09208103130756
8474586.0,Jordan Eberle,1830,149,149.65652975109305,0.013148681584800431,123.8412675388955,0.079814561652293,273,49.90791896869245
8481554.0,Kaapo Kakko,565,44,44.097258656884854,0.012902776363734233,36.476114829102016,0.0783134858321613,274,49.72375690607735
8477451.0,Ryan Hartman,1487,103,103.32664487712914,0.012291225846596787,87.73056540052195,0.07458179769694456,275,49.53959484346225
8478401.0,Pavel Zacha,1102,88,88.37225591778932,0.01109190284802737,74.82056788131547,0.06726927425639295,276,49.355432780847146
8471262.0,Carl Soderberg,932,66,65.47942890960503,0.01093267896867764,55.98476553219555,0.06629902624473855,277,49.171270718232044
8467875.0,Daniel Sedin,542,38,37.374352282209486,0.009864210788570549,32.04747960851461,0.05979167390985085,278,48.98710865561694
8475287.0,Erik Haula,1278,103,104.09628028361314,0.009686996720079378,85.83196482812454,0.058712961561877,279,48.80294659300184
8477220.0,Nate Schmidt,1172,42,42.42492606616737,0.008461351737531014,38.186330878445034,0.05125693938815429,280,48.61878453038674
8481559.0,Jack Hughes,1055,88,90.46916337163127,0.007404481915177891,74.82950284101408,0.04483401490331662,281,48.43462246777164
8479400.0,Pierre-Luc Dubois,1546,135,136.67653652602053,0.006991021688972747,113.73021497861393,0.04232289611155182,282,48.25046040515654
8474218.0,Jason Demers,506,16,15.757671853059893,0.006953576178462404,14.39162810013162,0.04209551830150898,283,48.06629834254144
8476448.0,William Karlsson,1664,148,149.96922325776228,0.006253860719054537,121.73737661968136,0.037848046421949666,284,47.882136279926335
8473618.0,Mathieu Perreault,742,65,64.71060581823143,0.005955572185578987,53.32326718728387,0.03603813627910263,285,47.697974217311234
8471873.0,Anton Stralman,762,24,23.96334102838704,0.005240422933114253,21.70535103779537,0.03170077462670284,286,47.51381215469613
8477479.0,Tyler Bertuzzi,952,91,91.80551335450205,0.004870426082357872,74.78269634456029,0.02945781275849879,287,47.32965009208103
8477933.0,Sam Reinhart,1861,168,170.1991660526876,0.0047490150640573416,139.99672023634633,0.02872196310813452,288,47.14548802946593
8478445.0,Mathew Barzal,1416,119,120.80961830347756,0.004696170699017927,99.55784415259477,0.02840170750612464,289,46.96132596685083
8477341.0,Andreas Johnsson,586,48,48.48223407679256,0.0044372990805450355,40.48455831121124,0.02683306645971939,290,46.77716390423573
8474031.0,Kevin Shattenkirk,1337,46,46.66555870737116,0.004193696088928935,42.361194278599655,0.02535726892651663,291,46.59300184162063
8476981.0,Josh Anderson,1555,121,122.9763243659873,0.004028702606345756,102.11745935528234,0.024357881870867848,292,46.408839779005525
8478495.0,Denis Gurianov,858,59,60.165719531651874,0.0037155273299002657,50.99483550658057,0.022461333097033298,293,46.224677716390424
8475172.0,Nazem Kadri,2225,170,172.1515894633626,0.0035881503524938406,143.47743534691944,0.021690102577159864,294,46.04051565377532
8476917.0,Adam Pelech,953,27,27.397365372657493,0.003285608203520861,24.319772211620613,0.019858640682755835,295,45.85635359116022
8469455.0,Jason Spezza,979,68,68.55820571095776,0.0014070093943285408,57.899522871471916,0.008497191419117034,296,45.67219152854512
8475179.0,Dmitry Kulikov,601,17,17.40347178957474,-7.191303041045147e-05,15.65020384462918,-0.00043401653952723773,297,45.48802946593002
8476792.0,Torey Krug,1677,61,62.07468597131717,-0.0008055268214631711,55.720054756631725,-0.004860041209789334,298,45.30386740331492
8481624.0,Ilya Mikheyev,624,45,46.271312835162554,-0.0011425483995924641,38.788295277508574,-0.006892405426101034,299,45.11970534069982
8475209.0,Richard Panik,790,61,61.59175180669483,-0.001277592260419959,51.10724757704632,-0.0077066022094188225,300,44.935543278084715
8476429.0,Scott Mayfield,957,26,26.532231648547853,-0.0020376844472846695,23.844215328285266,-0.012287509291386556,301,44.751381215469614
8470604.0,Jeff Carter,1663,123,125.43548955918087,-0.0029248742814536825,103.51048535490735,-0.01763057035616966,302,44.56721915285451
8468083.0,Henrik Zetterberg,509,28,28.346901754713727,-0.003064933619439115,24.81247798002336,-0.018473694034676358,303,44.38305709023941
8475810.0,Bryan Rust,1624,138,141.98337242266413,-0.003218636100189906,116.03883251493168,-0.019398827757470538,304,44.19889502762431
8476458.0,Ryan Strome,1303,102,104.01830199945984,-0.0036689520072120513,87.03401325476678,-0.022108561608422117,305,44.01473296500921
8476472.0,Oscar Klefbom,1057,29,29.659586610730162,-0.004103847791291977,26.99061626429754,-0.024724497176578653,306,43.83057090239411
8474581.0,Jake Gardiner,731,22,22.44487515559446,-0.004226143265303333,20.27592169311129,-0.02545993640075267,307,43.646408839779006
8478099.0,Kevin Labanc,1225,84,86.11951165692481,-0.0062575204276513925,72.15396152606426,-0.03766442070869125,308,43.462246777163905
8476931.0,Jake McCabe,671,19,19.653479815716526,-0.006667572322411989,17.735515773114724,-0.0401253862317652,309,43.278084714548804
8470755.0,Brad Richardson,531,39,40.14493508557098,-0.0069755985243089725,32.54381621501794,-0.041973456300782586,310,43.0939226519337
8474013.0,Ian Cole,969,24,24.907467909956033,-0.0071573525207871275,22.26190594035825,-0.04306369607255944,311,42.9097605893186
8475181.0,Nick Leddy,1115,38,39.08439952992359,-0.0071708847042999836,34.92200281902797,-0.043144861103754095,312,42.7255985267035
8479346.0,Dillon Dube,685,57,59.165703233244415,-0.00785197587131528,48.424308495150555,-0.0472287585613268,313,42.5414364640884
8475907.0,Micheal Ferland,620,53,53.680377347628415,-0.008311424648556462,43.994731848056354,-0.049982294428921326,314,42.35727440147329
8470257.0,Alexander Steen,668,45,46.11136493902152,-0.008897750222807536,38.90422173658246,-0.05349461756353757,315,42.173112338858196
8479316.0,Luke Kunin,729,52,53.69366416797801,-0.009097611095672031,44.85982599903913,-0.054691453256699996,316,41.988950276243095
8475236.0,Cody Eakin,706,49,50.78088937071425,-0.009323875501198323,41.661596152109716,-0.05604615066044788,317,41.804788213627994
8470612.0,Ryan Getzlaf,1148,66,67.91126022848451,-0.010503539349021476,58.18743929249726,-0.06310474290126683,318,41.62062615101289
8473564.0,Michael Frolik,802,44,45.26737723482829,-0.010886909823679403,38.93390688734429,-0.06539710088097755,319,41.43646408839779
8477290.0,Michael Raffl,631,49,50.96635808968251,-0.011829546711418849,41.72508184057229,-0.07103032525391656,320,41.25230202578269
8477845.0,Trevor van Riemsdyk,785,22,23.151991524806633,-0.012416816256455052,20.569483594038612,-0.0745375231825468,321,41.06813996316759
8478047.0,Michael Bunting,577,57,59.6653557577216,-0.012780739671472582,47.292344864237634,-0.07670998718874028,322,40.88397790055249
8481528.0,Dylan Cozens,559,46,48.315276442318705,-0.013190793253086794,39.19765380138271,-0.07915700179644686,323,40.699815837937386
8470144.0,Frans Nielsen,698,47,48.52883243385946,-0.013211071861991787,39.56043641643962,-0.07927799265966817,324,40.515653775322285
8475796.0,Mark Pysyk,608,22,23.052734827909607,-0.013671560322604052,19.828515862391143,-0.08202488777231814,325,40.331491712707184
8475728.0,Johan Larsson,551,34,35.328332195029674,-0.014363224672072466,29.815732682951836,-0.0861487144446893,326,40.147329650092075
8475855.0,Jesper Fast,810,77,80.40016122444278,-0.016419059291439428,64.6082061312439,-0.09839128315747431,327,39.963167587476974
8471260.0,Blake Comeau,705,43,44.76117474417281,-0.01675566555420525,37.89955459302392,-0.1003936933476321,328,39.77900552486188
8476988.0,Matt Benning,711,17,18.20101487013328,-0.017349057183800573,16.574455234488955,-0.10392224092716645,329,39.59484346224678
8478585.0,Derek Ryan,903,74,76.92901539003648,-0.018216221622361792,61.89969111686872,-0.10907546625848336,330,39.41068139963168
8475750.0,Jon Merrill,547,13,14.365118629394612,-0.018597772849271686,12.891858842987997,-0.1113416429393832,331,39.226519337016576
8477482.0,Zach Sanford,628,48,50.51219283728833,-0.01872908433861335,41.84329999752087,-0.11212137679929568,332,39.042357274401475
8479314.0,Matthew Tkachuk,2160,194,202.3183480916198,-0.019516481730296683,161.96716227493982,-0.1167951048759941,333,38.858195211786374
8478115.0,Pierre Engvall,627,43,45.748882837699476,-0.0199134937413691,37.314123149232806,-0.11915041721531766,334,38.67403314917127
8478131.0,Ondrej Kase,865,58,60.590435290361036,-0.020237067578732924,49.28364626144038,-0.12106944651170959,335,38.48987108655617
8477462.0,Robert Hagg,560,14,15.344227773836762,-0.02035319432601428,13.532802393219377,-0.12175803074736674,336,38.30570902394107
8478519.0,Anthony Cirelli,1025,89,93.3877237954151,-0.020800942848892952,75.37676459611386,-0.12441234313780303,337,38.12154696132597
8475820.0,Joonas Donskoi,896,75,78.2393515761833,-0.021755516273191132,63.90984424859045,-0.1300677159535496,338,37.93738489871086
8475790.0,Erik Gudbranson,826,17,18.545528830927314,-0.021940362618823067,16.67997098677186,-0.1311622937285234,339,37.75322283609576
8475745.0,Charlie Coyle,1437,105,110.18316507959592,-0.02199732133220528,89.6050166232635,-0.13149954225226967,340,37.569060773480665
8476897.0,Oskar Sundqvist,655,52,54.795933624098744,-0.022120207399590648,43.68767772516725,-0.13222708483337509,341,37.38489871086556
8471228.0,Alexander Radulov,1266,101,105.08583458305884,-0.02227034342354319,85.22694703960114,-0.13311585381237112,342,37.20073664825046
8478416.0,Erik Cernak,779,18,19.618183077307712,-0.02264625935074805,17.807975142200135,-0.13534067396549915,343,37.01657458563536
8477989.0,Christian Dvorak,925,83,86.7641803634943,-0.022888188121260197,70.08914784795087,-0.1367721183735321,344,36.83241252302026
8474145.0,Robert Bortuzzo,506,15,16.340852272839562,-0.023186084432522482,14.545153256767534,-0.13853429597652372,345,36.64825046040516
8476871.0,Tanner Pearson,1353,97,101.00620532562878,-0.02390314317678285,82.12663609477146,-0.1427741091828319,346,36.46408839779006
8474568.0,Luke Schenn,640,13,14.455771950719612,-0.024040207141816088,12.659886643301991,-0.1435842363712747,347,36.279926335174956
8476419.0,Jean-Gabriel Pageau,1358,107,112.129019458381,-0.024564543438895053,88.48696904561486,-0.14668247125225048,348,36.095764272559855
8478911.0,Matt Roy,728,19,20.98463592268879,-0.02481705105084514,18.07724690473205,-0.1481739994640019,349,35.91160220994475
8478414.0,Timo Meier,2335,168,176.93377115984,-0.025012407562799367,144.1234364659336,-0.14932771807452533,350,35.727440147329645
8474683.0,Derek Grant,755,51,54.058441990046965,-0.025673582320621422,44.17200121543305,-0.1532309622782238,351,35.543278084714544
8477494.0,Jonathan Drouin,1069,64,67.73847900820924,-0.025688591857253834,56.32103856885845,-0.1533195448747776,352,35.35911602209944
8478046.0,Danton Heinen,980,75,79.14051702329412,-0.0262066019715071,63.74855904205361,-0.1563760012282034,353,35.17495395948435
8477497.0,Sean Monahan,1455,137,142.9451656885245,-0.02623473114941518,115.3140746482714,-0.15654193444644554,354,34.99079189686925
8478067.0,Oskar Lindblom,706,52,55.07499955881101,-0.02630673328115863,44.95506331937228,-0.15696665438105356,355,34.806629834254146
8477987.0,Ryan Donato,928,65,69.11314619287849,-0.02668027014015934,56.30668222893973,-0.15916961222547377,356,34.622467771639045
8477454.0,Adam Erne,598,38,40.72023890976035,-0.02719156822414429,33.92559218840398,-0.1621838598790365,357,34.43830570902394
8468508.0,Justin Williams,1026,77,80.69364393861817,-0.027753381316551338,65.29786415808877,-0.1654943546888124,358,34.25414364640884
8477355.0,Will Butcher,539,17,18.756435020967487,-0.02795835508891614,16.448038324893854,-0.16670176193078756,359,34.06998158379374
8479442.0,Troy Stecher,899,21,23.050810585210005,-0.029826378944328047,20.787380084996062,-0.1776954739563616,360,33.88581952117864
8478508.0,Yakov Trenin,543,37,39.96750146842848,-0.03099770739133498,32.56692427185399,-0.18457983196327188,361,33.70165745856354
8480208.0,Drake Batherson,753,60,64.25229650029522,-0.031533676268249856,51.60228826596699,-0.18772758068276024,362,33.51749539594843
8478443.0,Brandon Carlo,999,24,26.566109287432127,-0.031797848139360735,22.985295541934985,-0.1892785209596487,363,33.33333333333333
8477425.0,Miles Wood,1177,76,80.74810448154915,-0.03254128549661156,65.65647053293152,-0.19364128264066638,364,33.14917127071823
8468674.0,Deryk Engelland,579,12,13.838238898201269,-0.03349174345228817,12.300466850586185,-0.19921478558279776,365,32.96500920810313
8466139.0,Patrick Marleau,1038,85,89.66464349203478,-0.03364662923932716,72.1865690994802,-0.20012259958957362,366,32.78084714548803
8478397.0,Rasmus Andersson,979,31,34.41137340060321,-0.03428583803158241,29.816835834839512,-0.20386781825324635,367,32.59668508287293
8475225.0,Craig Smith,1800,119,125.94946843123576,-0.03493020350448176,103.85119842551204,-0.20764113101624584,368,32.41252302025783
8476967.0,Brett Kulak,830,19,21.486896764355745,-0.03521029883249734,18.93905325454306,-0.20928066616374627,369,32.22836095764273
8471677.0,Jack Johnson,774,18,20.239578037224355,-0.03524213123274163,17.972292734577543,-0.20946697136303913,370,32.04419889502763
8474563.0,Drew Doughty,1427,56,60.20049759576899,-0.036138905882624604,52.17741797841355,-0.2147133840029243,371,31.860036832412526
8479980.0,Nicolas Hague,578,16,18.38219676886818,-0.03642604056674616,15.971512067209849,-0.21639234172555824,372,31.675874769797424
8477501.0,Valeri Nichushkin,955,73,78.85714692865385,-0.03667071647670998,62.946165461628695,-0.21782269803742385,373,31.491712707182316
8475191.0,Reilly Smith,1761,146,155.04292956021706,-0.03715304782233447,124.51347209189515,-0.2206414724934977,374,31.30755064456722
8477503.0,Max Domi,1450,96,102.1269217307512,-0.037261533519529086,83.07117900185409,-0.22127530574322235,375,31.123388581952117
8477346.0,MacKenzie Weegar,986,31,34.41396160885888,-0.03731939783989222,30.128405473909925,-0.22161335638799726,376,30.939226519337016
8473422.0,Nick Foligno,1181,90,95.75940238002252,-0.0379659799848604,75.59850886487352,-0.22538960617331724,377,30.755064456721914
8477015.0,Connor Brown,1100,81,86.5193766510276,-0.038066934337454277,69.99350609099336,-0.22597901948529925,378,30.570902394106813
8475098.0,Tyler Bozak,923,74,78.77333768497188,-0.03918694009347011,63.21428310335135,-0.23251458297387229,379,30.386740331491712
8475726.0,Tyler Toffoli,2106,151,161.00193291626135,-0.03954893762255186,130.79253846860723,-0.23462557502937978,380,30.20257826887661
8475178.0,Zack Kassian,722,57,61.57791514100028,-0.04164251785560393,48.82357592495935,-0.24682119001057587,381,30.018416206261513
8480113.0,Alex Iafallo,1231,86,92.77989802837419,-0.04178431648494693,74.80891790692354,-0.24764639327396823,382,29.83425414364641
8477488.0,Brett Pesce,1318,37,41.200873999625514,-0.042492763332160094,35.51027426081309,-0.2517676954559116,383,29.65009208103131
8476925.0,Colton Sissons,875,69,74.27161784038641,-0.04349415415186319,58.66338247769267,-0.25758880200000694,384,29.46593001841621
8474571.0,Mikkel Boedker,511,35,38.2188635729852,-0.04418794515366228,31.7431171970191,-0.26161883034209604,385,29.2817679558011
8477021.0,Alexander Kerfoot,893,74,79.9502143737991,-0.045244129493612804,62.88087897827549,-0.26774919357376303,386,29.097605893186003
8470041.0,Rick Nash,667,46,49.86764367827532,-0.04529587398277416,40.04025616126253,-0.2680493860153822,387,28.913443830570902
8476892.0,Colton Parayko,1666,47,51.74580022676872,-0.04554884126613318,44.47295739335737,-0.26951676407914804,388,28.7292817679558
8474040.0,Sam Gagner,1036,61,66.14114661982333,-0.04578193970114632,54.14389326140423,-0.27086860169182536,389,28.5451197053407
8480015.0,Owen Tippett,629,42,46.781977027114394,-0.046317796280880244,37.333464638464726,-0.273975216455425,390,28.360957642725598
8470601.0,Braydon Coburn,535,11,13.470960672886351,-0.046542092539366905,11.772737682218429,-0.275275135155742,391,28.176795580110497
8476851.0,Alex Galchenyuk,1018,69,74.2958321433428,-0.046616630651386326,60.99769163220479,-0.2757070674491227,392,27.992633517495396
8470187.0,Johnny Boychuk,804,16,18.554819053029078,-0.04662090638992108,16.745754526652167,-0.2757318435765807,393,27.808471454880294
8477903.0,Garnet Hathaway,753,56,61.796500697530774,-0.04789143173456266,49.73783125489391,-0.28308989810042623,394,27.624309392265197
8475791.0,Taylor Hall,1892,134,144.47905222369494,-0.04819991093282934,116.47744663327798,-0.284875172466189,395,27.440147329650095
8474589.0,Tyler Ennis,801,53,58.27522534339377,-0.050578271341513804,46.643512458654286,-0.2986233554316556,396,27.255985267034994
8471669.0,Paul Stastny,1254,121,130.22171900331773,-0.05159094335241993,101.72254463361172,-0.3044684384177876,397,27.071823204419886
8478569.0,Noel Acciari,746,58,63.71127975137944,-0.05178732715777063,50.00175820020242,-0.3056013532840678,398,26.887661141804784
8475768.0,Jaden Schwartz,1615,122,131.80583703383718,-0.0527856474836999,105.18527762945976,-0.3113575282466516,399,26.703499079189687
8480078.0,Filip Chytil,983,66,72.74454087613412,-0.05351811410341351,58.6768456249363,-0.31557762324573513,400,26.519337016574585
8478396.0,Noah Hanifin,1527,44,49.59263275578492,-0.05448871331437704,42.28691971715713,-0.3211655395811065,401,26.335174953959484
8476881.0,Tomas Hertl,1626,152,164.52721881356612,-0.05477750790640298,126.71830180378511,-0.3228272642601143,402,26.151012891344383
8471218.0,Blake Wheeler,1912,130,139.98265412047854,-0.054936592942882785,113.4601124794396,-0.32374246004372026,403,25.96685082872928
8475798.0,Mikael Granlund,1440,107,116.41454383692043,-0.05514028260053141,91.39633994976538,-0.3249140739997297,404,25.78268876611418
8479458.0,Nikita Zaitsev,764,15,18.216593796575975,-0.05558869915837749,16.200301511882426,-0.3274926085085318,405,25.59852670349908
8470834.0,Dustin Byfuglien,899,32,35.848782737312355,-0.05576803495834151,30.965501781966733,-0.3285235610714692,406,25.41436464088398
8475166.0,John Tavares,2469,219,236.77977466793783,-0.056615471463104,184.87418801585224,-0.3333930479966767,407,25.23020257826888
8472382.0,Andy Greene,727,16,19.496194171322138,-0.05674803430413887,16.557238295165167,-0.33415444483880163,408,25.04604051565378
8477949.0,Alex Tuch,1555,116,126.31968291266708,-0.05761281927896643,100.48063435403986,-0.33911930858208583,409,24.861878453038674
8476915.0,Jujhar Khaira,506,33,37.75223385191718,-0.05764695488103863,29.310440481804136,-0.3393152090291278,410,24.677716390423573
8475455.0,Brenden Dillon,871,16,19.60672244190077,-0.057955664511552075,17.085937249919983,-0.341086592922972,411,24.49355432780847
8475231.0,Casey Cizikas,859,67,73.97368517147085,-0.058713518705079494,56.828711373495835,-0.3454331449033371,412,24.30939226519337
8477476.0,Artturi Lehkonen,1536,115,125.89445822198296,-0.05881680745899659,98.35357655833499,-0.3460253172143789,413,24.12523020257827
8474574.0,Tyler Myers,1142,34,38.76920783390713,-0.05889788438450985,33.44053100287249,-0.3464901076519401,414,23.941068139963168
8475188.0,Brayden McNabb,868,20,23.96701408893793,-0.06001970129652296,20.425509911982225,-0.3529177631543076,415,23.756906077348066
8480036.0,Miro Heiskanen,1328,50,56.69839959785418,-0.060115807215334174,47.02195172461104,-0.3534681252650794,416,23.572744014732965
8476442.0,Matt Nieto,810,55,61.31874462934841,-0.0601753672522735,48.37632406016061,-0.3538091796763849,417,23.388581952117864
8478493.0,Joel Eriksson Ek,1269,93,102.72952362364835,-0.06029542621618876,80.31974536548725,-0.35449661058794335,418,23.204419889502763
8475462.0,Radko Gudas,1194,21,25.168093652587995,-0.060785115600393604,21.950793156647205,-0.35729971256260595,419,23.02025782688766
8477018.0,Ben Hutton,858,19,22.954004060613496,-0.0620229282904842,19.449154521839347,-0.36437988356637363,420,22.83609576427256
8476994.0,Vinnie Hinostroza,800,49,54.79683874770188,-0.06204833502194477,44.12162522113657,-0.36452512706314155,421,22.65193370165746
8471686.0,Marc Staal,697,19,22.893340483236884,-0.06213610896621016,19.412345243202033,-0.36502688231693364,422,22.467771639042358
8475625.0,Matt Irwin,588,9,12.325997023659967,-0.06412511288525023,10.809632312866299,-0.3763865573286271,423,22.283609576427256
8479425.0,Filip Hronek,800,25,29.784097576385133,-0.06483575122482611,25.03645718483499,-0.38044037202352654,424,22.099447513812155
8480336.0,Sean Walker,536,14,17.852570673243545,-0.06507786889013206,15.132141503289013,-0.3818209469017724,425,21.915285451197054
8476934.0,Brock McGinn,1081,72,80.09585564372938,-0.06614499291724732,64.52373131969597,-0.38790227743340094,426,21.731123388581953
8475177.0,Calvin de Haan,841,15,19.080018970107297,-0.06871410950352047,16.478405116913944,-0.40251979804760835,427,21.54696132596685
8474685.0,Matt Calvert,635,45,51.04078235761027,-0.06989397184895732,40.642810897079734,-0.4092218165699005,428,21.36279926335175
8469459.0,Mikko Koivu,684,42,47.93046799988793,-0.07014656327886329,38.71366590045823,-0.4106557184161024,429,21.178637200736645
8471735.0,Keith Yandle,1279,31,36.40441494974702,-0.07035803634508318,31.507770483642577,-0.41185595615913995,430,20.994475138121548
8478432.0,Christian Fischer,798,53,59.901254044118446,-0.07043955951977139,47.20356815849469,-0.4123185899632398,431,20.810313075506446
8475235.0,Nicolas Deslauriers,621,35,40.73743494220161,-0.0705123023541359,32.01629527799589,-0.41273136844186126,432,20.626151012891345
8476469.0,Joel Armia,1125,75,84.01948015822173,-0.07107092474470533,66.38597414765113,-0.41590038586892253,433,20.441988950276244
8474709.0,Matt Martin,691,40,46.187614457042464,-0.07203942472671672,37.083603790876516,-0.4213909166367158,434,20.257826887661142
8475208.0,Brian Dumoulin,874,20,24.77923371841337,-0.07229381442618076,20.838335116628667,-0.422832303997403,435,20.073664825046038
8470610.0,Zach Parise,1453,123,136.21181727379053,-0.07344088383925441,106.41311165081065,-0.42932766458106814,436,19.88950276243094
8474090.0,Brendan Smith,630,19,23.547150730953362,-0.07369168905099914,19.361475143162686,-0.4307469937645858,437,19.70534069981584
8473446.0,Erik Johnson,1049,28,33.391625001636065,-0.07478553701276333,28.07801994434427,-0.4369335179849436,438,19.521178637200737
8479370.0,Tyson Jost,922,59,67.31739651912282,-0.07509369649659337,53.684206410523686,-0.4386753147048228,439,19.337016574585636
8476919.0,Chris Tierney,781,57,64.67081208654102,-0.07537625083618618,50.74505245284877,-0.44027196963480686,440,19.152854511970535
8477426.0,Nick Paul,850,51,59.352641007142125,-0.07612480830359898,47.21038795906504,-0.4444999917578262,441,18.96869244935543
8478400.0,Colin White,597,43,49.73009097175628,-0.07619701381068077,39.438099524357845,-0.4449076775809399,442,18.784530386740332
8479944.0,Zach Aston-Reese,629,38,44.62774760668206,-0.07696683809759775,35.21422606991666,-0.4492526399646854,443,18.60036832412523
8476878.0,Zemgus Girgensons,794,48,55.168335922208975,-0.07757672285089405,43.96965028882822,-0.4526927992732008,444,18.41620626151013
8477941.0,Nick Ritchie,1213,86,96.63528282218634,-0.07848318490638045,75.91491302116857,-0.45780244330475006,445,18.23204419889503
8477930.0,Pierre-Edouard Bellemare,877,47,54.72401778855415,-0.07928195172577775,43.24438414109992,-0.4623016416057779,446,18.047882136279927
8471794.0,Darren Helm,832,45,52.30238979013637,-0.08015225641438575,41.34513167352183,-0.467200190238759,447,17.863720073664823
8480145.0,Neal Pionk,1104,29,35.3939141330818,-0.08250531985331701,29.73944588146315,-0.48042573581559694,448,17.67955801104972
8476470.0,Nathan Beaulieu,530,9,13.193672451124778,-0.08298883701683651,11.34898277179683,-0.4831399832111789,449,17.495395948434624
8470607.0,Brent Seabrook,653,17,22.009710889782205,-0.08526110630466474,18.59892350634849,-0.4958800112745104,450,17.311233885819522
8476480.0,Vladislav Namestnikov,1040,84,94.8803805858884,-0.08582509738618681,73.72428443754212,-0.49903821593676734,451,17.12707182320442
8480762.0,Eric Robinson,509,33,39.883767527691624,-0.08617823251159394,31.368206153476304,-0.5010148829230336,452,16.94290976058932
8476439.0,Brett Ritchie,762,46,53.533283365806994,-0.08619978843060329,41.84108760831084,-0.5011355218466864,453,16.758747697974215
8476879.0,Cody Ceci,1125,27,33.22656133845406,-0.08698381526627383,27.5012966741607,-0.5055218157772816,454,16.574585635359114
8478975.0,Mason Marchment,500,35,42.60119487483787,-0.08842262122818521,32.91392722850773,-0.5135634397375244,455,16.390423572744016
8475233.0,David Savard,1050,26,32.30193908159698,-0.08889005516444487,26.712154781204315,-0.516173779183448,456,16.206261510128915
8474250.0,Zack Smith,596,31,37.44030813692483,-0.08950799628047133,29.3992250209615,-0.519622961358026,457,16.022099447513813
8479977.0,Kailer Yamamoto,532,50,58.92351285761182,-0.08959611492304294,44.62318923956736,-0.5201146630553689,458,15.837937384898712
8476381.0,Andrew Shaw,584,45,52.74601924350431,-0.08973882673402751,40.5080449639429,-0.5209109134279722,459,15.65377532228361
8479393.0,Noah Gregor,502,26,32.77548147792943,-0.09087989234786922,25.71963186419401,-0.5272738069371077,460,15.469613259668508
8476624.0,Barclay Goodrow,805,53,62.52296190887011,-0.09405177834060519,48.047784015136294,-0.5449275208147746,461,15.285451197053407
8475760.0,Nick Bjugstad,1123,75,86.6545770015668,-0.09450608906216681,67.40278809940952,-0.547452030523702,462,15.101289134438305
8477406.0,Mattias Janmark,861,61,71.1852775443202,-0.09464394775339718,54.807276335591084,-0.548217882443991,463,14.917127071823206
8470606.0,Dustin Brown,1415,96,109.48451919342082,-0.09485002135295667,84.17435096961562,-0.5493625177717731,464,14.732965009208105
8476975.0,Cedric Paquette,535,33,40.23495716410375,-0.0960507278998059,31.885442694597877,-0.5560277035384177,465,14.548802946593002
8477429.0,Andrew Copp,1163,85,97.6248773680466,-0.0978214125974851,74.74847181044805,-0.5658439957104293,466,14.3646408839779
8476392.0,Adam Lowry,1019,77,89.34704248346802,-0.10051041567346507,68.37919201518646,-0.5807219478115231,467,14.180478821362799
8474849.0,Antoine Roussel,591,38,46.18316584176919,-0.10066763168142913,35.63295276893258,-0.5815907143807184,468,13.996316758747698
8478542.0,Evan Rodrigues,1209,70,82.68988134067477,-0.10122353938597826,63.453385241281126,-0.5846616616430655,469,13.812154696132598
8474161.0,Jakub Voracek,1526,88,101.55012012190022,-0.10242238259833077,80.35221313330601,-0.5912791888146723,470,13.627992633517497
8480002.0,Nico Hischier,1291,106,122.70000243235363,-0.1031303631908782,93.1479176879399,-0.5951839022055406,471,13.443830570902392
8474679.0,Gustav Nyquist,1330,90,104.25896185226725,-0.1032999149583333,79.84831309746582,-0.5961186660229663,472,13.259668508287293
8475794.0,Tyler Seguin,2353,161,183.893043837283,-0.1044648435016491,142.43882874809051,-0.6025373061199324,473,13.075506445672191
8475222.0,Sami Vatanen,762,19,25.68242675800667,-0.10710624799264891,21.50301481467563,-0.617066744963856,474,12.89134438305709
8476913.0,Devin Shore,666,46,55.54481850911864,-0.10812867896639154,43.01994584278438,-0.6226816852119877,475,12.70718232044199
8477450.0,Jason Dickinson,686,41,50.567159789734816,-0.10822981446058876,38.7556407873581,-0.6232368209668562,476,12.52302025782689
8471817.0,Ryan Reaves,583,41,49.996276964431445,-0.10836566186332572,38.80484193623491,-0.62398241337491,477,12.338858195211786
8476479.0,Phillip Danault,1339,98,114.22371629509715,-0.10955510347978262,85.63315976718816,-0.6305067901873983,478,12.154696132596685
8470655.0,David Backes,768,41,49.52401926682902,-0.10956811315728628,38.108386972067976,-0.6305781135349763,479,11.970534069981584
8475324.0,Nick Jensen,845,17,24.071492020317095,-0.11092528122501714,19.59723140790085,-0.6380140546334574,480,11.786372007366483
8480821.0,Filip Zadina,504,28,36.40736730749285,-0.11149141367130261,28.39445041804392,-0.6411132664993019,481,11.602209944751381
8473473.0,Milan Lucic,1104,76,89.61449101981201,-0.11249630726882848,67.94631414425511,-0.6466105964590012,482,11.41804788213628
8476389.0,Vincent Trocheck,2029,131,152.7965313399476,-0.11347324725826964,117.92511201581479,-0.6519503255940785,483,11.233885819521179
8476432.0,Boone Jenner,1760,112,130.1359867899811,-0.11446799795883537,99.06074854234558,-0.6573826676761831,484,11.049723756906078
8476918.0,Jimmy Vesey,1103,77,90.70585610690874,-0.11452245003333471,69.98314321010967,-0.6576798930293032,485,10.865561694290976
8471729.0,Kris Russell,521,9,15.033052389991507,-0.11483006724486997,12.355820004778842,-0.6593587455296257,486,10.681399631675875
8474151.0,Ryan McDonagh,1161,32,41.03068222259338,-0.11931178768134496,32.74706965911562,-0.6837664697293612,487,10.497237569060774
8473453.0,Trevor Lewis,1094,50,61.47460826786831,-0.11993456628953929,47.98694893949937,-0.6871505100384818,488,10.313075506445673
8476410.0,Josh Leivo,608,34,43.44063781000237,-0.1204060889863571,33.77684938319949,-0.6897114194365679,489,10.128913443830571
8476393.0,Nick Cousins,1029,61,73.77887194248665,-0.12255533665519285,56.435432340771534,-0.7013707762454447,490,9.94475138121547
8478413.0,Jordan Greenway,705,39,49.84289939024379,-0.12256753019536407,37.999879807723666,-0.7014368611916413,491,9.760589318600369
8477935.0,Sam Bennett,1568,110,130.41665282294727,-0.12667973100618365,96.92698859846428,-0.7236829951251924,492,9.576427255985267
8474189.0,Lars Eller,1460,85,102.3095070250517,-0.12670751315078096,78.12350931942295,-0.7238330153790329,493,9.392265193370166
8476885.0,Jacob Trouba,1678,47,58.79880660091404,-0.12697244188914353,46.58187435995643,-0.7252634134655066,494,9.208103130755065
8476889.0,Radek Faksa,1116,74,89.14471095108652,-0.12795321410080837,65.91763033165462,-0.7305558600934042,495,9.023941068139964
8475747.0,Patrik Nemeth,650,10,17.029430641095686,-0.1295361800606066,13.916957417659033,-0.7390881757165402,496,8.83977900552486
8480830.0,Andrei Svechnikov,1520,106,127.16637381607048,-0.1298076258690472,95.48286834039244,-0.7405500895906025,497,8.655616942909761
8475780.0,Chris Wagner,668,39,49.58519197702219,-0.13093648803747074,37.13232019923536,-0.7466259842217958,498,8.47145488029466
8470281.0,Duncan Keith,1130,23,31.983666199529,-0.1310521435687072,26.055273076370934,-0.7472481359422155,499,8.287292817679557
8482093.0,Seth Jarvis,521,39,51.63314833826926,-0.13467831628985655,37.81784076930985,-0.7667222918654064,500,8.103130755064457
8477353.0,Tyler Motte,782,41,52.720922837732765,-0.13600302337070214,39.65074733274345,-0.773820963815748,501,7.918968692449356
8474567.0,Zach Bogosian,607,10,17.546445116555553,-0.13799172035293364,13.928880712209578,-0.7844621020798137,502,7.734806629834254
8477998.0,Warren Foegele,955,66,81.76217169966903,-0.1395854747456527,60.516610626868335,-0.7929764444835251,503,7.550644567219153
8481523.0,Kirby Dach,502,34,45.82884395212974,-0.14288564305206325,33.24572872981856,-0.8105687771897747,504,7.366482504604052
8474098.0,Colton Sceviour,813,37,48.79953568301266,-0.1447200666754277,37.548369938000135,-0.8203253605028583,505,7.18232044198895
8476399.0,Blake Coleman,1636,104,126.71546673198618,-0.14986503539338725,93.8428078447018,-0.8476048445459641,506,6.998158379373849
8474034.0,Patrick Maroon,1225,94,114.56779265599242,-0.15075272361181985,83.12939151715442,-0.8522989252345723,507,6.8139963167587485
8478462.0,Nicolas Roy,579,46,60.56905876967041,-0.15180807352152326,43.67326946743917,-0.8578747857335624,508,6.629834254143646
8476374.0,Sean Kuraly,1024,47,61.72805908770318,-0.15859797711703974,46.03869318826425,-0.8936239872419662,509,6.445672191528545
8476474.0,Stefan Noesen,704,46,60.779076106324084,-0.16013218778932753,44.092344557902564,-0.9016718547702702,510,6.261510128913445
8470626.0,Loui Eriksson,622,35,47.617548080123846,-0.16153951117407692,35.43081831878077,-0.9090444752263594,511,6.077348066298343
8477969.0,Marcus Pettersson,688,10,19.149411504291034,-0.16259722485327885,14.874809672142325,-0.9145795073965777,512,5.893186003683241
8473533.0,Jordan Staal,1429,109,135.0717093545534,-0.16481278516814907,97.68088039099717,-0.9261567081242608,513,5.70902394106814
8476356.0,Tobias Rieder,717,37,50.438207345477494,-0.16543658753435259,37.53732524294356,-0.9294122145003185,514,5.524861878453039
8476331.0,Dylan DeMelo,735,10,19.73575531331618,-0.17445964175488357,15.385168473028209,-0.9763002701650307,515,5.3406998158379375
8474150.0,Mikael Backlund,1988,114,142.927531814283,-0.17575951331828776,104.25262969585891,-0.9830240337534837,516,5.156537753222836
8476422.0,Mike Reilly,778,11,21.365267783344894,-0.17834459537261801,16.60586758240165,-0.9963726122902707,517,4.972375690607735
8473504.0,Cal Clutterbuck,772,41,56.43000513446691,-0.17842639924155257,41.33920049571446,-0.9967945210713314,518,4.788213627992634
8477478.0,William Carrier,894,57,75.56860015458768,-0.18094962582297944,53.79530963437637,-1.0097931352847194,519,4.6040515653775325
8471699.0,Andrew Cogliano,1146,59,77.93167749285011,-0.18418632397190443,56.53165865485809,-1.0264245200104696,520,4.41988950276243
8475160.0,Kyle Clifford,740,32,46.232568707290255,-0.18591588768367992,33.910986182070936,-1.035292022671746,521,4.23572744014733
8473463.0,Leo Komarov,580,30,43.59315239307539,-0.1863362783323911,32.115171156830165,-1.037445307634012,522,4.051565377532229
8475772.0,Riley Sheahan,696,35,50.34252705425993,-0.18806339572226677,36.40865477603733,-1.0462833180309703,523,3.867403314917127
8474613.0,Derek Stepan,1417,70,91.76197762513152,-0.18834658404836993,66.99132562770745,-1.0477311515873646,524,3.683241252302026
8479675.0,Trevor Moore,813,44,61.30745424891632,-0.18878792075994724,44.13735820931779,-1.0499868083901902,525,3.4990791896869244
8477499.0,Rasmus Ristolainen,1278,31,46.11737408377042,-0.19174002145036906,34.803143015333134,-1.065052078640276,526,3.314917127071823
8474190.0,Wayne Simmonds,1148,88,113.03465992100594,-0.1922473800387567,79.54634614807313,-1.0676372565496008,527,3.1307550644567224
8474062.0,Riley Nash,671,33,48.39677432954754,-0.19659126273033053,34.87458280334092,-1.089723082307878,528,2.9465930018416207
8475848.0,Brendan Gallagher,1909,125,158.77925016715804,-0.19684879966208058,112.88369527409913,-1.0910298034112649,529,2.7624309392265194
8475807.0,Joakim Nordstrom,601,22,35.733594396805735,-0.2025752855399798,25.815023150263627,-1.1200080240961439,530,2.578268876611418
8471887.0,Patric Hornqvist,1685,125,159.349156461784,-0.202775716268978,112.47755737983552,-1.1210195984749032,531,2.394106813996317
8477931.0,Tomas Nosek,799,44,63.07590272326899,-0.21140253982769827,44.30392197798084,-1.1643879095494185,532,2.209944751381215
8479344.0,Jesse Puljujarvi,942,52,74.4493677079984,-0.21709273117129155,52.120953347997144,-1.192810785517466,533,2.0257826887661143
8471716.0,Justin Abdelkader,501,24,39.052702544434595,-0.2187483248118239,27.44270306403401,-1.2010534446200796,534,1.841620626151013
8470621.0,Corey Perry,1448,104,137.53022771209976,-0.219711600220453,95.31809496194852,-1.2058436605252145,535,1.6574585635359116
8480144.0,David Kampf,682,36,54.86262209638584,-0.21981561874691508,38.20326460363713,-1.2063606811419734,536,1.4732965009208103
8475786.0,Zach Hyman,1777,146,189.4925365388722,-0.22543331879669146,129.80808977547,-1.2342118758522398,537,1.289134438305709
8476822.0,Luke Glendening,856,46,67.81926199774597,-0.23284107965300363,46.99976991707226,-1.27072416954951,538,1.1049723756906076
8470616.0,Ryan Kesler,586,34,52.09735526089261,-0.23623335433445664,36.26851562316949,-1.2873636845968115,539,0.9208103130755065
8477846.0,Ryan Carpenter,618,26,44.639773999640525,-0.24558587704693519,31.04427799026596,-1.332977599175709,540,0.7366482504604052
8480801.0,Brady Tkachuk,1766,120,162.66602858468687,-0.24581468962761113,111.59123410177915,-1.334088768523281,541,0.5524861878453038
8474176.0,Carl Hagelin,925,36,57.49150806114668,-0.2544443299787107,40.49638905197329,-1.37583015879867,542,0.3683241252302026
8476921.0,Jordan Martinook,1177,53,83.8717694638318,-0.2906184194835763,56.42290837934553,-1.5473206542505793,543,0.1841620626151013
